{
	"$schema": "http://schema.management.azure.com/schemas/2015-01-01/deploymentTemplate.json#",
	"contentVersion": "1.0.0.0",
	"parameters": {
		"workspaceName": {
			"type": "string",
			"metadata": "Workspace name",
			"defaultValue": "sw-iac-dev-417"
		},
		"AzureSqlDatabase1": {
			"type": "string"
		},
		"sw-iac-dev-417-WorkspaceDefaultStorage": {
			"type": "string"
		}
	},
	"variables": {
		"workspaceId": "[concat('Microsoft.Synapse/workspaces/', parameters('workspaceName'))]"
	},
	"resources": [
		{
			"name": "[concat(parameters('workspaceName'), '/CopyDataFromLakeToLakeWithMetadata')]",
			"type": "Microsoft.Synapse/workspaces/pipelines",
			"apiVersion": "2019-06-01-preview",
			"properties": {
				"activities": [
					{
						"name": "Lookup Metadata Entities",
						"type": "Lookup",
						"dependsOn": [],
						"policy": {
							"timeout": "0.12:00:00",
							"retry": 0,
							"retryIntervalInSeconds": 30,
							"secureOutput": false,
							"secureInput": false
						},
						"userProperties": [],
						"typeProperties": {
							"source": {
								"type": "AzureSqlSource",
								"sqlReaderQuery": "\nSELECT * FROM [dbo].[metadataEntities] WHERE [metadataControlId] = 1 AND [enabled] = 1 ",
								"queryTimeout": "02:00:00",
								"partitionOption": "None"
							},
							"dataset": {
								"referenceName": "AzureSqlTable1",
								"type": "DatasetReference"
							},
							"firstRowOnly": false
						}
					},
					{
						"name": "For Each Row in Metadata Entities",
						"type": "ForEach",
						"dependsOn": [
							{
								"activity": "Lookup Metadata Entities",
								"dependencyConditions": [
									"Succeeded"
								]
							}
						],
						"userProperties": [],
						"typeProperties": {
							"items": {
								"value": "@activity('Lookup Metadata Entities').output.value",
								"type": "Expression"
							},
							"activities": [
								{
									"name": "CopyDataFromLakeToLake",
									"type": "ExecutePipeline",
									"dependsOn": [],
									"userProperties": [],
									"typeProperties": {
										"pipeline": {
											"referenceName": "CopyDataFromLakeToLake",
											"type": "PipelineReference"
										},
										"waitOnCompletion": true,
										"parameters": {
											"inputs_fileSystem": {
												"value": "@json(item().pipelineParameters).inputs_fileSystem",
												"type": "Expression"
											},
											"outputs_fileSystem": {
												"value": "@json(item().pipelineParameters).outputs_fileSystem",
												"type": "Expression"
											},
											"inputs_folderPath": {
												"value": "@json(item().pipelineParameters).inputs_folderPath",
												"type": "Expression"
											},
											"outputs_folderPath": {
												"value": "@json(item().pipelineParameters).outputs_folderPath",
												"type": "Expression"
											},
											"fileName": {
												"value": "@json(item().pipelineParameters).fileName",
												"type": "Expression"
											}
										}
									}
								}
							]
						}
					}
				],
				"annotations": []
			},
			"dependsOn": [
				"[concat(variables('workspaceId'), '/datasets/AzureSqlTable1')]",
				"[concat(variables('workspaceId'), '/pipelines/CopyDataFromLakeToLake')]"
			]
		},
		{
			"name": "[concat(parameters('workspaceName'), '/AzureSqlTable1')]",
			"type": "Microsoft.Synapse/workspaces/datasets",
			"apiVersion": "2019-06-01-preview",
			"properties": {
				"linkedServiceName": {
					"referenceName": "[parameters('AzureSqlDatabase1')]",
					"type": "LinkedServiceReference"
				},
				"annotations": [],
				"type": "AzureSqlTable",
				"schema": []
			},
			"dependsOn": []
		},
		{
			"name": "[concat(parameters('workspaceName'), '/CopyDataFromLakeToLake')]",
			"type": "Microsoft.Synapse/workspaces/pipelines",
			"apiVersion": "2019-06-01-preview",
			"properties": {
				"activities": [
					{
						"name": "CopyFromSourceToSink",
						"type": "Copy",
						"dependsOn": [],
						"policy": {
							"timeout": "0.12:00:00",
							"retry": 0,
							"retryIntervalInSeconds": 30,
							"secureOutput": false,
							"secureInput": false
						},
						"userProperties": [],
						"typeProperties": {
							"source": {
								"type": "DelimitedTextSource",
								"storeSettings": {
									"type": "AzureBlobFSReadSettings",
									"recursive": true,
									"modifiedDatetimeStart": "2023-04-11T00:00:00.000Z",
									"enablePartitionDiscovery": false
								},
								"formatSettings": {
									"type": "DelimitedTextReadSettings"
								}
							},
							"sink": {
								"type": "ParquetSink",
								"storeSettings": {
									"type": "AzureBlobFSWriteSettings"
								},
								"formatSettings": {
									"type": "ParquetWriteSettings"
								}
							},
							"enableStaging": false,
							"translator": {
								"type": "TabularTranslator",
								"typeConversion": true,
								"typeConversionSettings": {
									"allowDataTruncation": true,
									"treatBooleanAsNumber": false
								}
							}
						},
						"inputs": [
							{
								"referenceName": "adls_csv",
								"type": "DatasetReference",
								"parameters": {
									"fileSystem": {
										"value": "@pipeline().parameters.inputs_fileSystem",
										"type": "Expression"
									},
									"folderPath": {
										"value": "@pipeline().parameters.inputs_folderPath",
										"type": "Expression"
									},
									"fileName": {
										"value": "@pipeline().parameters.fileName",
										"type": "Expression"
									}
								}
							}
						],
						"outputs": [
							{
								"referenceName": "adls_parquet",
								"type": "DatasetReference",
								"parameters": {
									"fileSystem": {
										"value": "@pipeline().parameters.outputs_fileSystem",
										"type": "Expression"
									},
									"folderPath": {
										"value": "@pipeline().parameters.outputs_folderPath",
										"type": "Expression"
									},
									"fileName": {
										"value": "@pipeline().parameters.fileName",
										"type": "Expression"
									}
								}
							}
						]
					}
				],
				"parameters": {
					"inputs_fileSystem": {
						"type": "string",
						"defaultValue": "metadata"
					},
					"outputs_fileSystem": {
						"type": "string",
						"defaultValue": "metadata"
					},
					"inputs_folderPath": {
						"type": "string",
						"defaultValue": "source"
					},
					"outputs_folderPath": {
						"type": "string",
						"defaultValue": "sink"
					},
					"fileName": {
						"type": "string",
						"defaultValue": "dboEmployees"
					}
				},
				"annotations": []
			},
			"dependsOn": [
				"[concat(variables('workspaceId'), '/datasets/adls_csv')]",
				"[concat(variables('workspaceId'), '/datasets/adls_parquet')]"
			]
		},
		{
			"name": "[concat(parameters('workspaceName'), '/default')]",
			"type": "Microsoft.Synapse/workspaces/managedVirtualNetworks",
			"apiVersion": "2019-06-01-preview",
			"dependsOn": []
		},
		{
			"name": "[concat(parameters('workspaceName'), '/adls_csv')]",
			"type": "Microsoft.Synapse/workspaces/datasets",
			"apiVersion": "2019-06-01-preview",
			"properties": {
				"linkedServiceName": {
					"referenceName": "[parameters('sw-iac-dev-417-WorkspaceDefaultStorage')]",
					"type": "LinkedServiceReference"
				},
				"parameters": {
					"fileSystem": {
						"type": "string"
					},
					"folderPath": {
						"type": "string"
					},
					"fileName": {
						"type": "string"
					}
				},
				"annotations": [],
				"type": "DelimitedText",
				"typeProperties": {
					"location": {
						"type": "AzureBlobFSLocation",
						"fileName": {
							"value": "@{dataset().fileName}.csv",
							"type": "Expression"
						},
						"folderPath": {
							"value": "@dataset().folderPath",
							"type": "Expression"
						},
						"fileSystem": {
							"value": "@dataset().fileSystem",
							"type": "Expression"
						}
					},
					"columnDelimiter": ",",
					"escapeChar": "\\",
					"firstRowAsHeader": true,
					"quoteChar": "\""
				},
				"schema": [
					{
						"type": "String"
					},
					{
						"type": "String"
					},
					{
						"type": "String"
					},
					{
						"type": "String"
					},
					{
						"type": "String"
					}
				]
			},
			"dependsOn": []
		},
		{
			"name": "[concat(parameters('workspaceName'), '/adls_parquet')]",
			"type": "Microsoft.Synapse/workspaces/datasets",
			"apiVersion": "2019-06-01-preview",
			"properties": {
				"linkedServiceName": {
					"referenceName": "[parameters('sw-iac-dev-417-WorkspaceDefaultStorage')]",
					"type": "LinkedServiceReference"
				},
				"parameters": {
					"fileSystem": {
						"type": "string"
					},
					"folderPath": {
						"type": "string"
					},
					"fileName": {
						"type": "string"
					}
				},
				"annotations": [],
				"type": "Parquet",
				"typeProperties": {
					"location": {
						"type": "AzureBlobFSLocation",
						"fileName": {
							"value": "@{dataset().fileName}.parquet",
							"type": "Expression"
						},
						"folderPath": {
							"value": "@dataset().folderPath",
							"type": "Expression"
						},
						"fileSystem": {
							"value": "@dataset().fileSystem",
							"type": "Expression"
						}
					},
					"compressionCodec": "snappy"
				},
				"schema": []
			},
			"dependsOn": []
		}
	]
}